               epoch,      train/box_loss,      train/obj_loss,      train/cls_loss,   metrics/precision,      metrics/recall,     metrics/mAP_0.5,metrics/mAP_0.5:0.95,        val/box_loss,        val/obj_loss,        val/cls_loss,               x/lr0,               x/lr1,               x/lr2
                   0,            0.071627,            0.021156,             0.09227,           0.0047619,             0.99826,            0.039809,             0.01363,            0.030633,           0.0072803,            0.062845,            0.070181,           0.0033133,           0.0033133
                   1,             0.04539,            0.015507,            0.084092,             0.56209,             0.12129,             0.12089,            0.052682,            0.028272,           0.0043408,            0.063837,            0.040115,           0.0065808,           0.0065808
                   2,            0.042165,            0.013283,            0.081424,             0.78807,            0.097216,             0.16352,            0.087902,            0.022866,           0.0041457,            0.064699,           0.0099831,           0.0097823,           0.0097823
                   3,            0.040123,            0.012754,            0.077717,             0.56495,             0.27054,             0.23969,             0.13645,            0.022786,           0.0043712,            0.063281,            0.009703,            0.009703,            0.009703
                   4,            0.037874,            0.012091,            0.071635,             0.74678,             0.27332,             0.31593,              0.2028,            0.017406,           0.0039127,            0.062737,            0.009703,            0.009703,            0.009703
                   5,            0.036896,            0.012078,            0.065321,             0.52539,              0.5059,              0.4088,             0.25464,            0.020541,           0.0041028,            0.064259,            0.009604,            0.009604,            0.009604
                   6,            0.035831,            0.011603,            0.059845,             0.61827,             0.38392,             0.41359,             0.28381,            0.018432,            0.005096,            0.063466,            0.009505,            0.009505,            0.009505
                   7,            0.035632,            0.011484,            0.054614,             0.61408,             0.49228,             0.52615,             0.35817,            0.018275,           0.0039969,            0.059942,            0.009406,            0.009406,            0.009406
                   8,            0.034889,            0.011179,            0.050594,             0.52347,             0.60477,             0.48587,             0.35923,            0.016769,           0.0038184,            0.061708,            0.009307,            0.009307,            0.009307
                   9,            0.033117,            0.011041,            0.047149,               0.642,             0.56453,             0.60137,             0.43154,             0.01575,           0.0037398,            0.059844,            0.009208,            0.009208,            0.009208
                  10,            0.034017,            0.011113,            0.043268,             0.59444,              0.6599,             0.58178,             0.42088,            0.016274,            0.003821,            0.062173,            0.009109,            0.009109,            0.009109
                  11,            0.033233,            0.011221,            0.041217,             0.76661,             0.58532,             0.64139,             0.46111,            0.016067,           0.0041815,             0.05781,             0.00901,             0.00901,             0.00901
                  12,            0.033759,            0.010904,            0.038284,              0.6977,             0.63056,             0.64045,              0.4495,             0.01861,           0.0041898,            0.057766,            0.008911,            0.008911,            0.008911
                  13,            0.032508,            0.010942,             0.03602,             0.70447,             0.69996,             0.70275,             0.53443,            0.015726,           0.0039247,            0.058783,            0.008812,            0.008812,            0.008812
                  14,            0.033196,            0.011005,            0.035395,             0.63013,             0.69404,             0.64108,              0.4859,            0.016112,           0.0040601,            0.058111,            0.008713,            0.008713,            0.008713
                  15,            0.033426,            0.010688,            0.032239,             0.73142,             0.68247,             0.68443,             0.50189,            0.018043,           0.0042498,            0.059226,            0.008614,            0.008614,            0.008614
                  16,            0.032553,             0.01052,            0.030222,              0.7238,             0.72576,             0.70999,              0.5334,            0.015851,            0.003984,            0.055949,            0.008515,            0.008515,            0.008515
                  17,            0.032807,            0.010497,            0.029098,             0.77665,             0.68773,              0.7021,             0.51485,             0.01715,           0.0042824,            0.057132,            0.008416,            0.008416,            0.008416
                  18,            0.032372,            0.010474,            0.027697,             0.74559,             0.73024,             0.72947,              0.5642,            0.015922,           0.0039046,            0.059265,            0.008317,            0.008317,            0.008317
                  19,            0.032094,             0.01074,             0.02516,             0.74694,             0.72723,             0.67586,             0.49651,            0.016738,           0.0040411,            0.060706,            0.008218,            0.008218,            0.008218
                  20,            0.032193,            0.010335,             0.02433,             0.77106,             0.70223,             0.71689,             0.53021,            0.016234,           0.0041122,            0.057563,            0.008119,            0.008119,            0.008119
                  21,            0.031026,            0.010737,            0.023607,             0.81647,              0.6889,             0.73288,             0.53458,            0.016261,            0.003803,            0.058459,             0.00802,             0.00802,             0.00802
                  22,            0.030629,            0.010573,            0.022731,             0.88417,             0.68363,             0.74421,             0.56312,            0.015108,             0.00383,            0.055476,            0.007921,            0.007921,            0.007921
                  23,            0.031038,            0.010416,            0.022448,             0.87503,              0.6866,             0.73542,             0.56458,            0.014433,           0.0037153,            0.057746,            0.007822,            0.007822,            0.007822
                  24,            0.031188,            0.010566,            0.020068,             0.86392,             0.71553,             0.74739,             0.57953,            0.016238,           0.0043571,            0.057573,            0.007723,            0.007723,            0.007723
                  25,            0.030726,             0.01031,            0.019909,             0.90561,             0.69154,             0.73981,             0.52921,            0.016203,            0.004202,            0.058154,            0.007624,            0.007624,            0.007624
                  26,            0.031054,            0.010464,            0.020042,             0.86608,             0.70277,             0.74356,             0.55871,            0.015699,           0.0039088,            0.056508,            0.007525,            0.007525,            0.007525
                  27,            0.030391,            0.010329,            0.019642,             0.84124,             0.70324,              0.7434,              0.5498,            0.015658,           0.0040388,            0.064195,            0.007426,            0.007426,            0.007426
                  28,            0.030374,           0.0099858,            0.019197,             0.87609,              0.7371,             0.74932,             0.58846,            0.014558,           0.0039974,            0.059114,            0.007327,            0.007327,            0.007327
                  29,            0.029275,            0.010334,            0.017881,             0.85198,             0.70934,             0.72221,             0.55998,            0.015353,            0.003872,            0.059623,            0.007228,            0.007228,            0.007228
                  30,            0.029716,            0.010166,            0.017804,             0.84279,             0.71987,             0.70978,             0.56057,            0.013688,           0.0037767,            0.058671,            0.007129,            0.007129,            0.007129
                  31,            0.029125,           0.0098711,             0.01588,             0.86895,             0.72582,             0.73642,             0.57834,            0.013538,           0.0036505,            0.060289,             0.00703,             0.00703,             0.00703
                  32,            0.029453,           0.0097961,            0.016629,             0.83586,             0.71874,             0.70718,             0.54558,             0.01464,           0.0039432,            0.061006,            0.006931,            0.006931,            0.006931
                  33,            0.028795,           0.0099696,            0.015712,             0.89678,             0.69882,             0.75763,             0.57208,            0.016044,           0.0038408,            0.057254,            0.006832,            0.006832,            0.006832
                  34,              0.0292,           0.0098311,            0.016752,             0.89775,             0.70673,             0.75092,             0.59232,            0.014761,           0.0047335,            0.061406,            0.006733,            0.006733,            0.006733
                  35,             0.02882,           0.0097865,            0.014781,             0.89743,             0.73135,             0.75405,             0.60167,            0.012922,           0.0037311,            0.057964,            0.006634,            0.006634,            0.006634
                  36,            0.027654,           0.0097411,            0.015151,             0.85139,              0.7216,             0.75298,             0.59559,            0.013489,           0.0036262,            0.061106,            0.006535,            0.006535,            0.006535
                  37,            0.028483,           0.0095587,            0.014127,             0.88323,             0.67765,             0.75743,             0.59359,             0.01437,           0.0048186,            0.063428,            0.006436,            0.006436,            0.006436
                  38,            0.027698,           0.0098085,            0.014635,             0.87893,             0.73616,             0.75715,             0.62568,            0.012549,           0.0035802,            0.059223,            0.006337,            0.006337,            0.006337
                  39,            0.027587,            0.009664,            0.013597,             0.84592,             0.73013,             0.74248,             0.59255,             0.01353,           0.0037833,             0.06231,            0.006238,            0.006238,            0.006238
                  40,            0.027756,           0.0096882,            0.012901,             0.86735,             0.73272,             0.76161,             0.61776,            0.012084,           0.0035451,            0.060904,            0.006139,            0.006139,            0.006139
                  41,            0.027337,           0.0097017,            0.013014,             0.87464,             0.75205,             0.74954,             0.59001,            0.014384,           0.0041703,            0.063162,             0.00604,             0.00604,             0.00604
                  42,            0.027977,           0.0095442,            0.012658,             0.84428,             0.75672,             0.74884,             0.60789,            0.012781,           0.0037125,            0.058116,            0.005941,            0.005941,            0.005941
                  43,            0.027313,           0.0094433,            0.012125,             0.85338,             0.73989,             0.73463,             0.59154,             0.01334,           0.0034582,            0.062448,            0.005842,            0.005842,            0.005842
                  44,            0.027207,           0.0095333,            0.012825,             0.86648,              0.7442,             0.73861,             0.59438,             0.01268,           0.0037497,            0.061157,            0.005743,            0.005743,            0.005743
                  45,             0.02695,            0.009415,            0.010848,             0.84972,             0.75877,             0.73433,             0.60456,            0.012245,           0.0035881,            0.060219,            0.005644,            0.005644,            0.005644
                  46,            0.026811,           0.0093841,            0.011132,             0.89679,             0.73845,             0.77398,             0.64091,            0.012538,           0.0036638,            0.061028,            0.005545,            0.005545,            0.005545
                  47,            0.026152,           0.0093027,            0.010581,             0.87867,              0.7269,              0.7635,             0.61893,             0.01321,           0.0039902,            0.062581,            0.005446,            0.005446,            0.005446
                  48,            0.026094,           0.0092946,            0.010708,             0.87619,             0.74999,             0.74214,             0.61026,            0.012356,           0.0036557,            0.062604,            0.005347,            0.005347,            0.005347
                  49,             0.02574,           0.0091767,            0.011692,              0.8742,             0.74685,             0.77366,             0.63216,            0.012322,           0.0034944,            0.062954,            0.005248,            0.005248,            0.005248
                  50,            0.026291,           0.0094246,            0.011137,             0.86005,             0.76953,             0.74569,             0.60392,            0.012347,           0.0036889,            0.065619,            0.005149,            0.005149,            0.005149
                  51,             0.02582,           0.0091902,            0.010963,             0.86281,             0.75802,             0.75509,             0.61545,            0.012075,           0.0036382,            0.066328,             0.00505,             0.00505,             0.00505
                  52,            0.026044,           0.0092386,             0.01109,             0.88986,             0.76561,             0.74556,             0.61102,            0.012055,           0.0037908,            0.063115,            0.004951,            0.004951,            0.004951
                  53,             0.02538,            0.008966,             0.01092,             0.89946,             0.74384,             0.75239,             0.62027,            0.011609,           0.0035197,            0.061591,            0.004852,            0.004852,            0.004852
                  54,            0.024803,           0.0089442,            0.010228,             0.88101,             0.77194,             0.72654,             0.59638,            0.012365,            0.003755,             0.06571,            0.004753,            0.004753,            0.004753
                  55,            0.025485,           0.0090914,           0.0097262,             0.88126,             0.76439,             0.73557,             0.61246,            0.011324,           0.0033963,            0.063175,            0.004654,            0.004654,            0.004654
                  56,            0.024826,           0.0090791,           0.0093355,             0.87818,             0.76374,             0.75198,             0.60943,            0.012377,           0.0038081,            0.062108,            0.004555,            0.004555,            0.004555
                  57,            0.024531,           0.0088661,           0.0096762,             0.81976,             0.74217,             0.74954,             0.62875,            0.011616,           0.0035797,            0.063767,            0.004456,            0.004456,            0.004456
                  58,            0.024485,           0.0089321,           0.0089355,             0.86665,             0.76619,             0.76555,             0.63522,            0.011495,           0.0034485,            0.063595,            0.004357,            0.004357,            0.004357
                  59,             0.02468,           0.0089368,           0.0092712,             0.85803,             0.75851,             0.74781,             0.61715,            0.011605,           0.0036161,            0.065575,            0.004258,            0.004258,            0.004258
                  60,            0.024146,           0.0087869,           0.0089871,              0.8603,             0.76207,             0.77458,             0.63959,            0.011716,           0.0035696,            0.062095,            0.004159,            0.004159,            0.004159
                  61,            0.023928,           0.0086243,           0.0084729,             0.89361,             0.75969,             0.77116,             0.64835,            0.011407,           0.0037315,            0.062618,             0.00406,             0.00406,             0.00406
                  62,            0.024368,           0.0086273,           0.0088593,             0.85859,             0.76112,             0.74939,             0.62716,            0.011128,           0.0034199,            0.065371,            0.003961,            0.003961,            0.003961
                  63,             0.02369,           0.0085593,           0.0085053,             0.85955,             0.73782,             0.75326,             0.63842,            0.011145,           0.0033629,            0.064775,            0.003862,            0.003862,            0.003862
                  64,            0.023669,           0.0087136,           0.0077259,             0.87599,              0.7551,             0.76519,             0.64181,            0.011246,           0.0036145,            0.063665,            0.003763,            0.003763,            0.003763
                  65,             0.02379,           0.0084138,           0.0070637,             0.88385,             0.74631,             0.75661,             0.62505,            0.011656,           0.0037718,             0.06771,            0.003664,            0.003664,            0.003664
                  66,            0.022922,           0.0088011,           0.0070817,             0.83495,             0.76115,              0.7297,             0.61667,            0.011221,           0.0034907,            0.065956,            0.003565,            0.003565,            0.003565
                  67,             0.02286,           0.0086788,           0.0075138,             0.87692,             0.75728,             0.75974,             0.65241,            0.010732,            0.003561,            0.065667,            0.003466,            0.003466,            0.003466
                  68,             0.02287,           0.0085859,           0.0067214,             0.87197,             0.76282,             0.75713,             0.63117,            0.011325,           0.0036943,            0.067082,            0.003367,            0.003367,            0.003367
                  69,            0.022658,           0.0087739,           0.0068164,             0.88591,             0.77205,             0.76526,             0.63711,            0.011239,            0.003634,            0.061692,            0.003268,            0.003268,            0.003268
                  70,            0.022227,           0.0084985,           0.0062953,             0.89357,              0.7522,             0.74359,             0.61986,            0.011439,           0.0035967,            0.067128,            0.003169,            0.003169,            0.003169
                  71,            0.022533,            0.008605,           0.0066766,             0.88616,             0.76293,             0.76581,             0.64615,            0.010943,           0.0033858,            0.066612,             0.00307,             0.00307,             0.00307
                  72,            0.022178,           0.0085485,           0.0063209,             0.86261,             0.76356,              0.7576,             0.64056,            0.011364,           0.0034177,            0.065853,            0.002971,            0.002971,            0.002971
                  73,            0.022009,             0.00825,           0.0060473,             0.85823,             0.76671,             0.74864,             0.63017,            0.010938,           0.0034848,            0.067921,            0.002872,            0.002872,            0.002872
                  74,            0.022037,           0.0085257,           0.0061484,              0.8585,             0.76645,             0.74238,             0.63332,            0.010713,           0.0034747,             0.06792,            0.002773,            0.002773,            0.002773
                  75,            0.021463,           0.0083359,           0.0059038,             0.86652,             0.75208,             0.75058,             0.64345,            0.010497,           0.0034762,            0.068027,            0.002674,            0.002674,            0.002674
                  76,            0.021474,           0.0082981,           0.0058599,             0.86353,             0.75468,             0.75291,             0.63971,            0.010413,           0.0035187,            0.066897,            0.002575,            0.002575,            0.002575
                  77,            0.021155,           0.0080575,           0.0058469,             0.88355,             0.75873,             0.73767,             0.62696,            0.010577,           0.0033347,            0.071371,            0.002476,            0.002476,            0.002476
                  78,            0.021512,           0.0082719,           0.0054969,             0.87268,             0.76189,             0.74046,             0.63386,            0.010618,           0.0035271,            0.072899,            0.002377,            0.002377,            0.002377
                  79,            0.021082,            0.008097,             0.00589,             0.85898,              0.7642,             0.75764,             0.64708,            0.010503,           0.0035037,            0.069696,            0.002278,            0.002278,            0.002278
                  80,            0.021069,           0.0081731,           0.0049486,             0.85539,             0.76128,             0.74456,             0.63951,            0.010106,           0.0032496,            0.067631,            0.002179,            0.002179,            0.002179
                  81,            0.020686,           0.0080735,            0.004446,             0.86321,             0.75137,             0.74165,             0.63827,            0.010185,           0.0033165,             0.06772,             0.00208,             0.00208,             0.00208
                  82,             0.02028,           0.0078214,           0.0048023,              0.8544,             0.76671,             0.76013,             0.64685,            0.010282,           0.0033392,            0.068002,            0.001981,            0.001981,            0.001981
                  83,            0.020396,           0.0081031,           0.0045119,             0.87828,             0.76415,             0.75447,             0.64437,            0.010382,           0.0033755,            0.068036,            0.001882,            0.001882,            0.001882
                  84,            0.020169,           0.0079544,           0.0041894,             0.85152,             0.76164,             0.75158,             0.64066,            0.010094,           0.0033065,            0.070502,            0.001783,            0.001783,            0.001783
                  85,            0.019996,           0.0079781,           0.0043003,             0.86158,             0.76719,             0.74099,             0.63261,            0.010179,           0.0032931,            0.069761,            0.001684,            0.001684,            0.001684
                  86,            0.019785,           0.0080457,           0.0047165,             0.88809,               0.759,             0.75988,             0.64668,            0.010547,           0.0033725,            0.070096,            0.001585,            0.001585,            0.001585
                  87,            0.019642,           0.0079069,           0.0040514,             0.87618,             0.75551,             0.75694,             0.64713,            0.010142,           0.0033855,            0.068374,            0.001486,            0.001486,            0.001486
                  88,             0.01952,           0.0078391,            0.004287,             0.87531,             0.75825,             0.75848,             0.64813,            0.010249,           0.0032954,            0.069693,            0.001387,            0.001387,            0.001387
                  89,            0.019156,           0.0078215,           0.0045626,             0.86118,             0.76287,             0.73826,             0.63364,           0.0098187,           0.0032851,            0.071059,            0.001288,            0.001288,            0.001288
                  90,            0.019012,           0.0078405,           0.0051022,             0.87903,              0.7632,             0.75861,             0.65011,            0.010275,           0.0033235,            0.069409,            0.001189,            0.001189,            0.001189
                  91,            0.018949,           0.0077564,           0.0043405,             0.88634,             0.75572,             0.74949,             0.64165,            0.010139,           0.0033567,            0.073807,             0.00109,             0.00109,             0.00109
                  92,            0.018693,           0.0078349,           0.0044034,              0.8816,             0.74829,             0.74322,             0.64132,           0.0098426,           0.0033536,            0.073428,            0.000991,            0.000991,            0.000991
                  93,             0.01862,             0.00777,           0.0043853,             0.86848,             0.75768,             0.74937,             0.64331,            0.010004,           0.0034025,            0.072698,            0.000892,            0.000892,            0.000892
                  94,            0.018509,           0.0078642,            0.004136,              0.8804,             0.77131,             0.76028,              0.6571,           0.0098678,           0.0033504,            0.071404,            0.000793,            0.000793,            0.000793
                  95,            0.018551,           0.0077648,           0.0043727,             0.86433,             0.77211,             0.74066,             0.63517,           0.0098751,           0.0033457,            0.073267,            0.000694,            0.000694,            0.000694
                  96,            0.018279,           0.0077365,           0.0037688,             0.87316,             0.76812,             0.76261,             0.65429,           0.0099726,           0.0033336,            0.071128,            0.000595,            0.000595,            0.000595
                  97,            0.017897,           0.0076863,           0.0039481,             0.87132,             0.76681,             0.75581,             0.65737,           0.0097173,           0.0033299,            0.072975,            0.000496,            0.000496,            0.000496
                  98,            0.017705,            0.007615,           0.0040993,             0.83173,             0.76884,             0.75167,             0.64982,           0.0098903,           0.0033097,             0.07334,            0.000397,            0.000397,            0.000397
                  99,            0.017275,           0.0075961,           0.0038226,             0.85916,             0.77035,             0.75276,             0.65345,            0.009752,           0.0032916,            0.073179,            0.000298,            0.000298,            0.000298
